Workbook
Name Slicer_Customer: #N/A
Name Slicer_Status: #N/A

Sheet Dashboard
B2: Sales Order & Inventory Dashboard
B3: Open Orders | C3: Ready | D3: Incoming On Time | E3: At Risk | F3: Inventory Shortages
B4: =COUNTA(Order_Tracker!A3:A17) -> 15 | C4: =COUNTIF(Order_Tracker!M3:M17,"Ready") -> 9 | D4: =COUNTIF(Order_Tracker!M3:M17,"Incoming - On Time") -> 3 | E4: =COUNTIF(Order_Tracker!M3:M17,"At Risk") -> 3 | F4: =COUNTIF(Order_Tracker!J3:J17,">0") -> 6
B5: Total Order Value
B6: =SUM(Order_Tracker!H3:H17) -> 165750
B9: Orders Requiring Attention
B10: Customer | C10: Product | D10: Shortage | E10: Requested | F10: ETA | G10: Status
B11: Alpha Data Systems | C11: 1200W Server PSU | D11: 35 | E11: 46307 | F11: 46310 | G11: At Risk
B12: Apex Computing | C12: 100GbE Network Adapter | D12: 15 | E12: 46308 | F12: 46311 | G12: At Risk
B13: NextGen Data Center | C13: 100GbE Network Adapter | D13: 5 | E13: 46310 | F13: 46311 | G13: At Risk

Sheet Order_Tracker
A1: Sales Order & Inventory Tracker
A2: Order ID | B2: Customer_ID | C2: Customer | D2: Product_ID | E2: Product | F2: Qty | G2: Unit Price | H2: Order Value | I2: Inventory | J2: Shortage | K2: Supplier ETA | L2: Requested Date | M2: Status
A3: ORD001 | B3: C001 | C3: =_xlfn.XLOOKUP(B3,tblCustomers[Customer_ID],tblCustomers[Customer_Name]) -> Alpha Data Systems | D3: P001 | E3: =_xlfn.XLOOKUP(D3,tblProducts[Product_ID],tblProducts[Product_Name]) -> 1200W Server PSU | F3: 100 | G3: =_xlfn.XLOOKUP(D3,tblProducts[Product_ID],tblProducts[Unit_Price]) -> 280 | H3: =F3*G3 -> 28000 | I3: =_xlfn.XLOOKUP(D3,tblProducts[Product_ID],tblProducts[Inventory_Qty]) -> 65 | J3: =MAX(0,F3-I3) -> 35 | K3: =_xlfn.XLOOKUP(D3,tblPO[Product_ID],tblPO[ETA],"No Incoming PO") -> 46310 | L3: 46307 | M3: =IF( Table12[[#This Row],[Shortage]]=0, "Ready", IF( Table12[[#This Row],[Supplier ETA]]<=Table12[[#This Row],[Requested Date]], "Incoming - On Time", "At Risk" ) ) -> At Risk
A4: ORD002 | B4: C002 | C4: =_xlfn.XLOOKUP(B4,tblCustomers[Customer_ID],tblCustomers[Customer_Name]) -> Nova Cloud Technologies | D4: P003 | E4: =_xlfn.XLOOKUP(D4,tblProducts[Product_ID],tblProducts[Product_Name]) -> 1TB NVMe SSD | F4: 50 | G4: =_xlfn.XLOOKUP(D4,tblProducts[Product_ID],tblProducts[Unit_Price]) -> 110 | H4: =F4*G4 -> 5500 | I4: =_xlfn.XLOOKUP(D4,tblProducts[Product_ID],tblProducts[Inventory_Qty]) -> 80 | J4: =MAX(0,F4-I4) -> 0 | K4: =_xlfn.XLOOKUP(D4,tblPO[Product_ID],tblPO[ETA],"No Incoming PO") -> 46306 | L4: 46310 | M4: =IF( Table12[[#This Row],[Shortage]]=0, "Ready", IF( Table12[[#This Row],[Supplier ETA]]<=Table12[[#This Row],[Requested Date]], "Incoming - On Time", "At Risk" ) ) -> Ready
A5: ORD003 | B5: C003 | C5: =_xlfn.XLOOKUP(B5,tblCustomers[Customer_ID],tblCustomers[Customer_Name]) -> Apex Computing | D5: P002 | E5: =_xlfn.XLOOKUP(D5,tblProducts[Product_ID],tblProducts[Product_Name]) -> 32GB DDR5 DIMM | F5: 80 | G5: =_xlfn.XLOOKUP(D5,tblProducts[Product_ID],tblProducts[Unit_Price]) -> 145 | H5: =F5*G5 -> 11600 | I5: =_xlfn.XLOOKUP(D5,tblProducts[Product_ID],tblProducts[Inventory_Qty]) -> 120 | J5: =MAX(0,F5-I5) -> 0 | K5: =_xlfn.XLOOKUP(D5,tblPO[Product_ID],tblPO[ETA],"No Incoming PO") -> 46315 | L5: 46313 | M5: =IF( Table12[[#This Row],[Shortage]]=0, "Ready", IF( Table12[[#This Row],[Supplier ETA]]<=Table12[[#This Row],[Requested Date]], "Incoming - On Time", "At Risk" ) ) -> Ready
A6: ORD004 | B6: C004 | C6: =_xlfn.XLOOKUP(B6,tblCustomers[Customer_ID],tblCustomers[Customer_Name]) -> Vertex AI Systems | D6: P004 | E6: =_xlfn.XLOOKUP(D6,tblProducts[Product_ID],tblProducts[Product_Name]) -> 25GbE Network Adapter | F6: 50 | G6: =_xlfn.XLOOKUP(D6,tblProducts[Product_ID],tblProducts[Unit_Price]) -> 190 | H6: =F6*G6 -> 9500 | I6: =_xlfn.XLOOKUP(D6,tblProducts[Product_ID],tblProducts[Inventory_Qty]) -> 30 | J6: =MAX(0,F6-I6) -> 20 | K6: =_xlfn.XLOOKUP(D6,tblPO[Product_ID],tblPO[ETA],"No Incoming PO") -> 46305 | L6: 46306 | M6: =IF( Table12[[#This Row],[Shortage]]=0, "Ready", IF( Table12[[#This Row],[Supplier ETA]]<=Table12[[#This Row],[Requested Date]], "Incoming - On Time", "At Risk" ) ) -> Incoming - On Time
A7: ORD005 | B7: C005 | C7: =_xlfn.XLOOKUP(B7,tblCustomers[Customer_ID],tblCustomers[Customer_Name]) -> Quantum Server Solutions | D7: P006 | E7: =_xlfn.XLOOKUP(D7,tblProducts[Product_ID],tblProducts[Product_Name]) -> 1600W Server PSU | F7: 20 | G7: =_xlfn.XLOOKUP(D7,tblProducts[Product_ID],tblProducts[Unit_Price]) -> 350 | H7: =F7*G7 -> 7000 | I7: =_xlfn.XLOOKUP(D7,tblProducts[Product_ID],tblProducts[Inventory_Qty]) -> 25 | J7: =MAX(0,F7-I7) -> 0 | K7: =_xlfn.XLOOKUP(D7,tblPO[Product_ID],tblPO[ETA],"No Incoming PO") -> 46313 | L7: 46315 | M7: =IF( Table12[[#This Row],[Shortage]]=0, "Ready", IF( Table12[[#This Row],[Supplier ETA]]<=Table12[[#This Row],[Requested Date]], "Incoming - On Time", "At Risk" ) ) -> Ready
A8: ORD006 | B8: C001 | C8: =_xlfn.XLOOKUP(B8,tblCustomers[Customer_ID],tblCustomers[Customer_Name]) -> Alpha Data Systems | D8: P003 | E8: =_xlfn.XLOOKUP(D8,tblProducts[Product_ID],tblProducts[Product_Name]) -> 1TB NVMe SSD | F8: 30 | G8: =_xlfn.XLOOKUP(D8,tblProducts[Product_ID],tblProducts[Unit_Price]) -> 110 | H8: =F8*G8 -> 3300 | I8: =_xlfn.XLOOKUP(D8,tblProducts[Product_ID],tblProducts[Inventory_Qty]) -> 80 | J8: =MAX(0,F8-I8) -> 0 | K8: =_xlfn.XLOOKUP(D8,tblPO[Product_ID],tblPO[ETA],"No Incoming PO") -> 46306 | L8: 46309 | M8: =IF( Table12[[#This Row],[Shortage]]=0, "Ready", IF( Table12[[#This Row],[Supplier ETA]]<=Table12[[#This Row],[Requested Date]], "Incoming - On Time", "At Risk" ) ) -> Ready
A9: ORD007 | B9: C002 | C9: =_xlfn.XLOOKUP(B9,tblCustomers[Customer_ID],tblCustomers[Customer_Name]) -> Nova Cloud Technologies | D9: P007 | E9: =_xlfn.XLOOKUP(D9,tblProducts[Product_ID],tblProducts[Product_Name]) -> 64GB DDR5 DIMM | F9: 100 | G9: =_xlfn.XLOOKUP(D9,tblProducts[Product_ID],tblProducts[Unit_Price]) -> 270 | H9: =F9*G9 -> 27000 | I9: =_xlfn.XLOOKUP(D9,tblProducts[Product_ID],tblProducts[Inventory_Qty]) -> 90 | J9: =MAX(0,F9-I9) -> 10 | K9: =_xlfn.XLOOKUP(D9,tblPO[Product_ID],tblPO[ETA],"No Incoming PO") -> 46307 | L9: 46312 | M9: =IF( Table12[[#This Row],[Shortage]]=0, "Ready", IF( Table12[[#This Row],[Supplier ETA]]<=Table12[[#This Row],[Requested Date]], "Incoming - On Time", "At Risk" ) ) -> Incoming - On Time
A10: ORD008 | B10: C003 | C10: =_xlfn.XLOOKUP(B10,tblCustomers[Customer_ID],tblCustomers[Customer_Name]) -> Apex Computing | D10: P008 | E10: =_xlfn.XLOOKUP(D10,tblProducts[Product_ID],tblProducts[Product_Name]) -> 100GbE Network Adapter | F10: 35 | G10: =_xlfn.XLOOKUP(D10,tblProducts[Product_ID],tblProducts[Unit_Price]) -> 420 | H10: =F10*G10 -> 14700 | I10: =_xlfn.XLOOKUP(D10,tblProducts[Product_ID],tblProducts[Inventory_Qty]) -> 20 | J10: =MAX(0,F10-I10) -> 15 | K10: =_xlfn.XLOOKUP(D10,tblPO[Product_ID],tblPO[ETA],"No Incoming PO") -> 46311 | L10: 46308 | M10: =IF( Table12[[#This Row],[Shortage]]=0, "Ready", IF( Table12[[#This Row],[Supplier ETA]]<=Table12[[#This Row],[Requested Date]], "Incoming - On Time", "At Risk" ) ) -> At Risk
A11: ORD009 | B11: C004 | C11: =_xlfn.XLOOKUP(B11,tblCustomers[Customer_ID],tblCustomers[Customer_Name]) -> Vertex AI Systems | D11: P002 | E11: =_xlfn.XLOOKUP(D11,tblProducts[Product_ID],tblProducts[Product_Name]) -> 32GB DDR5 DIMM | F11: 40 | G11: =_xlfn.XLOOKUP(D11,tblProducts[Product_ID],tblProducts[Unit_Price]) -> 145 | H11: =F11*G11 -> 5800 | I11: =_xlfn.XLOOKUP(D11,tblProducts[Product_ID],tblProducts[Inventory_Qty]) -> 120 | J11: =MAX(0,F11-I11) -> 0 | K11: =_xlfn.XLOOKUP(D11,tblPO[Product_ID],tblPO[ETA],"No Incoming PO") -> 46315 | L11: 46316 | M11: =IF( Table12[[#This Row],[Shortage]]=0, "Ready", IF( Table12[[#This Row],[Supplier ETA]]<=Table12[[#This Row],[Requested Date]], "Incoming - On Time", "At Risk" ) ) -> Ready
A12: ORD010 | B12: C005 | C12: =_xlfn.XLOOKUP(B12,tblCustomers[Customer_ID],tblCustomers[Customer_Name]) -> Quantum Server Solutions | D12: P005 | E12: =_xlfn.XLOOKUP(D12,tblProducts[Product_ID],tblProducts[Product_Name]) -> 2TB NVMe SSD | F12: 60 | G12: =_xlfn.XLOOKUP(D12,tblProducts[Product_ID],tblProducts[Unit_Price]) -> 185 | H12: =F12*G12 -> 11100 | I12: =_xlfn.XLOOKUP(D12,tblProducts[Product_ID],tblProducts[Inventory_Qty]) -> 45 | J12: =MAX(0,F12-I12) -> 15 | K12: =_xlfn.XLOOKUP(D12,tblPO[Product_ID],tblPO[ETA],"No Incoming PO") -> 46309 | L12: 46311 | M12: =IF( Table12[[#This Row],[Shortage]]=0, "Ready", IF( Table12[[#This Row],[Supplier ETA]]<=Table12[[#This Row],[Requested Date]], "Incoming - On Time", "At Risk" ) ) -> Incoming - On Time
A13: ORD011 | B13: C006 | C13: =_xlfn.XLOOKUP(B13,tblCustomers[Customer_ID],tblCustomers[Customer_Name]) -> NextGen Data Center | D13: P001 | E13: =_xlfn.XLOOKUP(D13,tblProducts[Product_ID],tblProducts[Product_Name]) -> 1200W Server PSU | F13: 40 | G13: =_xlfn.XLOOKUP(D13,tblProducts[Product_ID],tblProducts[Unit_Price]) -> 280 | H13: =F13*G13 -> 11200 | I13: =_xlfn.XLOOKUP(D13,tblProducts[Product_ID],tblProducts[Inventory_Qty]) -> 65 | J13: =MAX(0,F13-I13) -> 0 | K13: =_xlfn.XLOOKUP(D13,tblPO[Product_ID],tblPO[ETA],"No Incoming PO") -> 46310 | L13: 46313 | M13: =IF( Table12[[#This Row],[Shortage]]=0, "Ready", IF( Table12[[#This Row],[Supplier ETA]]<=Table12[[#This Row],[Requested Date]], "Incoming - On Time", "At Risk" ) ) -> Ready
A14: ORD012 | B14: C007 | C14: =_xlfn.XLOOKUP(B14,tblCustomers[Customer_ID],tblCustomers[Customer_Name]) -> Orion Computing | D14: P004 | E14: =_xlfn.XLOOKUP(D14,tblProducts[Product_ID],tblProducts[Product_Name]) -> 25GbE Network Adapter | F14: 25 | G14: =_xlfn.XLOOKUP(D14,tblProducts[Product_ID],tblProducts[Unit_Price]) -> 190 | H14: =F14*G14 -> 4750 | I14: =_xlfn.XLOOKUP(D14,tblProducts[Product_ID],tblProducts[Inventory_Qty]) -> 30 | J14: =MAX(0,F14-I14) -> 0 | K14: =_xlfn.XLOOKUP(D14,tblPO[Product_ID],tblPO[ETA],"No Incoming PO") -> 46305 | L14: 46314 | M14: =IF( Table12[[#This Row],[Shortage]]=0, "Ready", IF( Table12[[#This Row],[Supplier ETA]]<=Table12[[#This Row],[Requested Date]], "Incoming - On Time", "At Risk" ) ) -> Ready
... A17: ORD015 | B17: C006 | C17: =_xlfn.XLOOKUP(B17,tblCustomers[Customer_ID],tblCustomers[Customer_Name]) -> NextGen Data Center | D17: P008 | E17: =_xlfn.XLOOKUP(D17,tblProducts[Product_ID],tblProducts[Product_Name]) -> 100GbE Network Adapter | F17: 25 | G17: =_xlfn.XLOOKUP(D17,tblProducts[Product_ID],tblProducts[Unit_Price]) -> 420 | H17: =F17*G17 -> 10500 | I17: =_xlfn.XLOOKUP(D17,tblProducts[Product_ID],tblProducts[Inventory_Qty]) -> 20 | J17: =MAX(0,F17-I17) -> 5 | K17: =_xlfn.XLOOKUP(D17,tblPO[Product_ID],tblPO[ETA],"No Incoming PO") -> 46311 | L17: 46310 | M17: =IF( Table12[[#This Row],[Shortage]]=0, "Ready", IF( Table12[[#This Row],[Supplier ETA]]<=Table12[[#This Row],[Requested Date]], "Incoming - On Time", "At Risk" ) ) -> At Risk

Sheet Pivot_Data
A2: PivotTable 2 — Order Value by Customer | D2: PivotTable 1 — Orders by Status
A3: Row Labels | B3: Sum of Order Value | D3: Row Labels | E3: Count of Order ID
A4: Orion Computing | B4: 4750 | D4: At Risk | E4: 3
A5: Pacific Cloud Systems | B5: 7700 | D5: Incoming - On Time | E5: 3
A6: Vertex AI Systems | B6: 15300 | D6: Ready | E6: 9
A7: Quantum Server Solutions | B7: 18100 | D7: Grand Total | E7: 15
A8: NextGen Data Center | B8: 21700
A9: Apex Computing | B9: 26300
A10: Nova Cloud Technologies | B10: 32500
A11: Alpha Data Systems | B11: 39400
A12: Grand Total | B12: 165750

Sheet Customers
A1: Customer_ID | B1: Customer_Name | C1: Region | D1: Account_Manager
A2: C001 | B2: Alpha Data Systems | C2: West | D2: Jenny
A3: C002 | B3: Nova Cloud Technologies | C3: West | D3: David
A4: C003 | B4: Apex Computing | C4: Central | D4: Jenny
A5: C004 | B5: Vertex AI Systems | C5: East | D5: Michael
A6: C005 | B6: Quantum Server Solutions | C6: West | D6: Sarah
A7: C006 | B7: NextGen Data Center | C7: West | D7: David
A8: C007 | B8: Orion Computing | C8: Central | D8: Michael
A9: C008 | B9: Pacific Cloud Systems | C9: West | D9: Jenny
A10: C009 | B10: BluePeak Technologies | C10: East | D10: Sarah
A11: C010 | B11: CoreLink Computing | C11: Central | D11: David
A12: C011 | B12: Summit Data Solutions | C12: West | D12: Michael
... A51: C050 | B51: NextWave Computing | C51: Central | D51: David

Sheet Products
A1: Product_ID | B1: Product_Name | C1: Category | D1: Unit_Price | E1: Inventory_Qty
A2: P001 | B2: 1200W Server PSU | C2: Power Supply | D2: 280 | E2: 65
A3: P002 | B3: 32GB DDR5 DIMM | C3: Memory | D3: 145 | E3: 120
A4: P003 | B4: 1TB NVMe SSD | C4: Storage | D4: 110 | E4: 80
A5: P004 | B5: 25GbE Network Adapter | C5: Networking | D5: 190 | E5: 30
A6: P005 | B6: 2TB NVMe SSD | C6: Storage | D6: 185 | E6: 45
A7: P006 | B7: 1600W Server PSU | C7: Power Supply | D7: 350 | E7: 25
A8: P007 | B8: 64GB DDR5 DIMM | C8: Memory | D8: 270 | E8: 90
A9: P008 | B9: 100GbE Network Adapter | C9: Networking | D9: 420 | E9: 20

Sheet Orders
A1: Order_ID | B1: Customer_ID | C1: Product_ID | D1: Order_Date | E1: Quantity | F1: Requested_Date
A2: ORD001 | B2: C001 | C2: P001 | D2: 46285 | E2: 100 | F2: 46307
A3: ORD002 | B3: C002 | C3: P003 | D3: 46287 | E3: 50 | F3: 46310
A4: ORD003 | B4: C003 | C4: P002 | D4: 46290 | E4: 80 | F4: 46313
A5: ORD004 | B5: C004 | C5: P004 | D5: 46291 | E5: 50 | F5: 46306
A6: ORD005 | B6: C005 | C6: P006 | D6: 46292 | E6: 20 | F6: 46315
A7: ORD006 | B7: C001 | C7: P003 | D7: 46293 | E7: 30 | F7: 46309
A8: ORD007 | B8: C002 | C8: P007 | D8: 46294 | E8: 100 | F8: 46312
A9: ORD008 | B9: C003 | C9: P008 | D9: 46295 | E9: 35 | F9: 46308
A10: ORD009 | B10: C004 | C10: P002 | D10: 46296 | E10: 40 | F10: 46316
A11: ORD010 | B11: C005 | C11: P005 | D11: 46297 | E11: 60 | F11: 46311
A12: ORD011 | B12: C006 | C12: P001 | D12: 46297 | E12: 40 | F12: 46313
A13: ORD012 | B13: C007 | C13: P004 | D13: 46298 | E13: 25 | F13: 46314
... A16: ORD015 | B16: C006 | C16: P008 | D16: 46299 | E16: 25 | F16: 46310

Sheet Purchase Orders
A1: PO_ID | B1: Product_ID | C1: Supplier | D1: Incoming_Qty | E1: ETA | F1: PO_Status
A2: PO001 | B2: P001 | C2: PowerTech Components | D2: 100 | E2: 46310 | F2: In Transit
A3: PO002 | B3: P004 | C3: NetCore Electronics | D3: 60 | E3: 46305 | F3: In Transit
A4: PO003 | B4: P006 | C4: PowerTech Components | D4: 50 | E4: 46313 | F4: In Transit
A5: PO004 | B5: P007 | C5: MemoryWorks | D5: 100 | E5: 46307 | F5: In Transit
A6: PO005 | B6: P008 | C6: NetCore Electronics | D6: 50 | E6: 46311 | F6: In Transit
A7: PO006 | B7: P005 | C7: StoragePro | D7: 80 | E7: 46309 | F7: In Transit
A8: PO007 | B8: P002 | C8: PowerTech Components | D8: 120 | E8: 46315 | F8: In Transit
A9: PO008 | B9: P003 | C9: ComputeSource | D9: 75 | E9: 46306 | F9: In Transit
A10: PO009 | B10: P009 | C10: MemoryWorks | D10: 150 | E10: 46308 | F10: In Transit
A11: PO010 | B11: P010 | C11: StoragePro | D11: 90 | E11: 46312 | F11: In Transit
A12: PO011 | B12: P001 | C12: PowerTech Components | D12: 80 | E12: 46317 | F12: Confirmed
A13: PO012 | B13: P004 | C13: NetCore Electronics | D13: 100 | E13: 46316 | F13: Confirmed
... A31: PO030 | B31: P010 | C31: StoragePro | D31: 100 | E31: 46341 | F31: Open
